,Link,Profited
0,https://bitinfocharts.com/bitcoin/address/1BLwHL9TNP54GddeWAwfi6ufN8o7Ns4JFS,1608521.744
1,https://bitinfocharts.com/bitcoin/address/18e61pYYBr8SF9eS18AhkSMWo6DK6GXQ6S,244405.879
2,https://bitinfocharts.com/bitcoin/address/14TDxS9NQhiu1tX4qeFwRkisXn1oDmTuKB,845364.7271
3,https://bitinfocharts.com/bitcoin/address/124kekw4j1cAGxwyzZqHNmsVUcNXrdcfxw,65229.55403
4,https://bitinfocharts.com/bitcoin/address/32V6a7K46pSb1XQNGdrmdE2wjgndVfJPet,643905.7077
5,https://bitinfocharts.com/bitcoin/address/1MW8QJahh2YXovXpbhDcXAN8MEEL2AUn4n,11294132.11
6,https://bitinfocharts.com/bitcoin/address/16FWg745HVmYfooAfDqNV5r7wpZmVLJd7q,2928480.79
7,https://bitinfocharts.com/bitcoin/address/1BnkEt2ceoVhnQVrqeAzigcroQ6MVyxFey,14175613.78
8,https://bitinfocharts.com/bitcoin/address/1LondZ1d4BWQNc7dWuTvzgZYavd6xtHUuk,477021.6643
9,https://bitinfocharts.com/bitcoin/address/18TA5gmCZ8cqa1mLpLgvfkoCgd5HgLweJ3,88496.57473
10,https://bitinfocharts.com/bitcoin/address/17oBR1dBaQaMcEuSwMB7KpBoBYAqoXrjmR,8077492.558
11,https://bitinfocharts.com/bitcoin/address/1MYkFz8bXgnfWpdE7cHFwFqaULV4o8xMJQ,1323959.047
12,https://bitinfocharts.com/bitcoin/address/1EkkGXR7dTbZbrKFKoe6YEP4gj4GzMeKvw,9277468.826
13,https://bitinfocharts.com/bitcoin/address/12QZkbxUDCJz7gsbyxFeWWapcWwUkNg7Ku,11352558.68
14,https://bitinfocharts.com/bitcoin/address/16SgQsyge2ov79B4Ncp6DQfKNSxwE2hzsi,14291426.95
15,https://bitinfocharts.com/bitcoin/address/1ArsyanRMyJWNo2FndN9BY8yLi2F6H9Jk9,968829.6085
16,https://bitinfocharts.com/bitcoin/address/15j8Z16JSxdTjQcdKQJbnh2F3kuZUMYCay,704732.0542
17,https://bitinfocharts.com/bitcoin/address/12cgpFdJViXbwHbhrA3TuW1EGnL25Zqc3P,6914176.543
18,https://bitinfocharts.com/bitcoin/address/1Lt7etHUD5to8rSFW9USYARP6thzUfco7V,94949.89574
19,https://bitinfocharts.com/bitcoin/address/1JbZpEhHDuNqmquWyBu1zt5oorVsy28VMn,78700224.14
20,https://bitinfocharts.com/bitcoin/address/1M1RdciqSA93SAtPHbXXoLU7FfmiAKRrRZ,5288311.47
21,https://bitinfocharts.com/bitcoin/address/17NmsjGEYx16rDxXQRsAQUNPStp2dGxNVx,7818090.519
22,https://bitinfocharts.com/bitcoin/address/1Aeg1JQdNj4e4rF4LJvMsa3jFmejEypB57,9775656.775
23,https://bitinfocharts.com/bitcoin/address/1AfdbCzDrRrMEqAXkF8kxVRCkPzB8HxoHD,1182652.064
24,https://bitinfocharts.com/bitcoin/address/124BPp9mTaXxTXiRx8cxEZDd4sGjoxGk9F,2203521.445
25,https://bitinfocharts.com/bitcoin/address/3HC3tgudKvnCRM35B5J7Jj9tdTKxagUpum,652437.7243
26,https://bitinfocharts.com/bitcoin/address/17QVYyUMgWzZaTBHgXeA5hM5tnWHXtEmnQ,40487795.38
27,https://bitinfocharts.com/bitcoin/address/16g2TW2hbFoov3DThSRBdnETaS94bFvq5v,21417071.93
28,https://bitinfocharts.com/bitcoin/address/1HutAGbbDCazKWXihUSUiWKTLBs4HAXchQ,11464877.56
29,https://bitinfocharts.com/bitcoin/address/bc1quq29mutxkgxmjfdr7ayj3zd9ad0ld5mrhh89l2,10929417.56
30,https://bitinfocharts.com/bitcoin/address/1A7znRYE24Z6K8MCAKXLmEvuS5ixzvUrjH,53524366.84
